"URL"	"Keywords"	"Keyword Count"	"DateTime"	"Favorite Count"	"Retweet"	"LinkCount"	"Link1"	"Link2"	"Link3"	"Author"	"Text"	"Followers"	"Friends"	"Location"	"Timezone"	"UTC Offset"
"http://twitter.com/873378393844305920/status/1187166643522289664"	""	"0"	"Thu Oct 24 00:39:18 +0000 2019"	"0"	"0"	"1"	"https://t.co/Lfu4fjkKIk"	""	""	"Ortiz_A_M"	"RT @nowthisnews: 39 bodies were found inside this truck at an industrial park outside of London https://t.co/Lfu4fjkKIk"	"574"	"1109"	"Pflugerville, TX"	""	""
"http://twitter.com/929012610225152005/status/1187166605567877120"	""	"0"	"Thu Oct 24 00:39:09 +0000 2019"	"0"	"0"	"1"	"https://t.co/NLQLxPIrP5"	""	""	"ImperialLederie"	"RT @modernmodeIs: dior exhibition in london https://t.co/NLQLxPIrP5"	"289"	"233"	""	""	""
"http://twitter.com/737898088313069568/status/1187166616485646337"	""	"0"	"Thu Oct 24 00:39:12 +0000 2019"	"0"	"0"	"1"	"https://t.co/vF1WkKqCH0"	""	""	"deadhealers"	"RT @_itsssyafiq1: Malaysia's canteen and cafes need to sell variety of fruits. not just watermelon and pineapple https://t.co/vF1WkKqCH0"	"437"	"402"	"error 404"	""	""
"http://twitter.com/746017776062476288/status/1187166615961509888"	""	"0"	"Thu Oct 24 00:39:12 +0000 2019"	"0"	"0"	"0"	""	""	""	"hayaabrooks"	"Nb is ever too busy for you. People make time for who they want."	"70"	"69"	"Philadelphia, PA"	""	""
"http://twitter.com/1085924834541031426/status/1187169204786663424"	""	"0"	"Thu Oct 24 00:49:29 +0000 2019"	"0"	"0"	"0"	""	""	""	"TopOfThaWorld_"	"Dog Vins old ass is FADED 😭😭"	"145"	"180"	""	""	""
"http://twitter.com/1598776093/status/1187171080970145792"	""	"0"	"Thu Oct 24 00:56:56 +0000 2019"	"0"	"0"	"1"	"https://t.co/5F2QPBefCd"	""	""	"Vsouvatzoglou"	"Always a good place to relax and catch up with old friends at @TheSavoyLondon it's an iconic part of London history… https://t.co/5F2QPBefCd"	"488"	"735"	"UK, AUS, NZ, Espana & USA"	""	""
"http://twitter.com/1105622426438811651/status/1187166674237165569"	""	"0"	"Thu Oct 24 00:39:26 +0000 2019"	"0"	"0"	"0"	""	""	""	"chels_annett"	"RT @lewis_goodall: Waiting at Victoria station. Man comes up to me. Says he recognised me from sky. Came up to London looking for work. Cou…"	"255"	"366"	"Wales / York"	""	""
"http://twitter.com/4882107424/status/1187171077694222337"	""	"0"	"Thu Oct 24 00:56:56 +0000 2019"	"0"	"0"	"1"	"https://t.co/NLQLxPIrP5"	""	""	"kamiliaezra"	"RT @modernmodeIs: dior exhibition in london https://t.co/NLQLxPIrP5"	"49"	"47"	"Brunei"	""	""
"http://twitter.com/825790602830815233/status/1187169179402719232"	""	"0"	"Thu Oct 24 00:49:23 +0000 2019"	"0"	"0"	"0"	""	""	""	"smoothjazznola"	"#nowplaying Ramsey Lewis @RamseyLewis - Brazilica - #smoothjazz #nola #newyork #chicago #losangeles #miami #london #paris #montecarlo"	"287"	"277"	"New Orleans, LA"	""	""
"http://twitter.com/4886494913/status/1187166709439959041"	""	"0"	"Thu Oct 24 00:39:34 +0000 2019"	"0"	"0"	"1"	"https://t.co/psjo87rsOS"	""	""	"peytonnerinn"	"RT @tgsports: FHOCKEY: @Oxford_Pirates 1, @BMRathletics 0: Rosario scores winner to send Pirates past Chargers: https://t.co/psjo87rsOS"	"193"	"78"	"Oxford, MA"	""	""
"http://twitter.com/1176866561799311361/status/1187166639156027392"	""	"0"	"Thu Oct 24 00:39:17 +0000 2019"	"0"	"0"	"1"	"https://t.co/358O86Jvoq"	""	""	"kolorbergerak"	"RT @tempodunia: 39 Jasad Manusia Ditemukan dalam Truk di London https://t.co/358O86Jvoq"	"6"	"68"	""	""	""
"http://twitter.com/28272361/status/1187171074850590720"	""	"0"	"Thu Oct 24 00:56:55 +0000 2019"	"0"	"0"	"1"	"https://t.co/f8kMMUxe7p"	""	""	"thomasthetaxi"	"@wdron Will, please do your homework and get it right! @its actually London’s third fully electric Taxi not the fir… https://t.co/f8kMMUxe7p"	"6428"	"2842"	"Dads Defending Daughters, ITA"	""	""
"http://twitter.com/882937338069794818/status/1187169206569033730"	""	"0"	"Thu Oct 24 00:49:30 +0000 2019"	"0"	"0"	"0"	""	""	""	"AffectionCYJ"	"RT @fightforgot7_hk: [HQ] - 11 OCT 2019  YUGYEOM💚💚💚💚💚💚💚 KEEP SPINNING IN LONDON - @real_Kimyugyeom  #GOT7 #갓세븐 #IGOT7 #아가새 #임재범 #마크 #잭슨 #박진…"	"134"	"478"	""	""	""
"http://twitter.com/2480477552/status/1187171040788668416"	""	"0"	"Thu Oct 24 00:56:47 +0000 2019"	"0"	"0"	"0"	""	""	""	"MusicUAreMyLife"	"RT @PPaxart: Will Tudor played Sebastian from the London Shadowhunter institute! Or was he?  #WillTudorFake #WillTudorFakes  #Shadowhunters…"	"149"	"360"	"Scotland, United Kingdom"	""	""
"http://twitter.com/378162384/status/1187171031640883201"	""	"0"	"Thu Oct 24 00:56:45 +0000 2019"	"0"	"0"	"1"	"https://t.co/sDg7p5HqT8"	""	""	"deniseeeexo"	"RT @thestylespics: Slightly different photo of Harry with fans last night in London, 10/22 via bbymaude. https://t.co/sDg7p5HqT8"	"1096"	"1318"	"turkish&bulgarian"	""	""
"http://twitter.com/2663010609/status/1187166639688564736"	""	"0"	"Thu Oct 24 00:39:18 +0000 2019"	"0"	"0"	"0"	""	""	""	"vallinson93"	"RT @SrhJMstrsn: @PFEW_Chair @PCWoods6 Appreciated John, but that everyone stands with our fire fighters is pretty much a given. What's more…"	"21"	"22"	""	""	""
"http://twitter.com/991640964/status/1187169210188943360"	""	"0"	"Thu Oct 24 00:49:30 +0000 2019"	"0"	"0"	"0"	""	""	""	"dyguyss"	"RT @sputnik_TR: İzmirliler gevreğin de Oxford Sözlüğü'ne girmesi için çalışma başlatacak: - Dünya isterse simit desin, biz gevrek demeye de…"	"288"	"224"	""	""	""
"http://twitter.com/3449650516/status/1187166618457124866"	""	"0"	"Thu Oct 24 00:39:12 +0000 2019"	"0"	"0"	"0"	""	""	""	"darcyjo77285202"	"RT @Khloediaz69: Good morning Abs 🦸🏼‍♀️💪🏼😉 Sooo I’m all packed on route to airport for the direct 16 hour Qantas flight to Sunny Perth ! ✈️…"	"1606"	"439"	""	""	""
"http://twitter.com/116504222/status/1187171052062834688"	""	"0"	"Thu Oct 24 00:56:50 +0000 2019"	"0"	"0"	"1"	"https://t.co/Lfu4fjkKIk"	""	""	"ActDontReact"	"RT @nowthisnews: 39 bodies were found inside this truck at an industrial park outside of London https://t.co/Lfu4fjkKIk"	"23073"	"24888"	""	""	""
"http://twitter.com/1167625740348612608/status/1187171042952769537"	""	"0"	"Thu Oct 24 00:56:47 +0000 2019"	"0"	"0"	"1"	"https://t.co/W8KBGm2wnw"	""	""	"Izzy113095"	"RT @DJTAAYY: This is already going to be trash https://t.co/W8KBGm2wnw"	"92"	"533"	"Harlem, New York"	""	""
"http://twitter.com/190664740/status/1187171067074363392"	""	"0"	"Thu Oct 24 00:56:53 +0000 2019"	"0"	"0"	"1"	"https://t.co/jVyWEiivF9"	""	""	"All4Av"	"RT @DamagedBrainzs: La única T que quiero quitar de LGTB es a las Terfs, tbh https://t.co/jVyWEiivF9"	"810"	"1929"	"London/Avilés"	""	""
"http://twitter.com/880887689314091009/status/1187171028167847936"	""	"0"	"Thu Oct 24 00:56:44 +0000 2019"	"0"	"0"	"0"	""	""	""	"Davidavid79"	"RT @OwenJones84: This is frightening and nasty. There is no LGB without the T. Trans people are an integral part of our community and movem…"	"57"	"304"	"In your house"	""	""
"http://twitter.com/1102482459256647683/status/1187171046421651456"	""	"0"	"Thu Oct 24 00:56:48 +0000 2019"	"0"	"0"	"1"	"https://t.co/kk…"	""	""	"420hellprincess"	"RT @xancyblu: stop making these movies. It’s not the same and they’re not even good anymore. Stop riding this out it’s done https://t.co/kk…"	"15"	"78"	"Florida, USA"	""	""
"http://twitter.com/1059487202898399232/status/1187166675130433536"	""	"0"	"Thu Oct 24 00:39:26 +0000 2019"	"0"	"0"	"1"	"https://t.co/NLQLxPIrP5"	""	""	"bartley_cece"	"RT @modernmodeIs: dior exhibition in london https://t.co/NLQLxPIrP5"	"81"	"269"	""	""	""
"http://twitter.com/918124736261033984/status/1187169173954322432"	""	"0"	"Thu Oct 24 00:49:22 +0000 2019"	"0"	"0"	"1"	"https://t.co/H9vlRpheKD"	""	""	"AbdulrazakYah16"	"RT @WizkidSource: 10/19: Wizkid and Burna Boy dancing at the O2 Arena in London. #StarboyFest https://t.co/H9vlRpheKD"	"3"	"11"	""	""	""
"http://twitter.com/866361806574563329/status/1187166653676707841"	""	"0"	"Thu Oct 24 00:39:21 +0000 2019"	"0"	"0"	"1"	"https://t…"	""	""	"AFC_Carys"	"RT @D20048: What a c*nt what does this show towards Torreira, basically saying you’re second choice and you aren’t what he wanted https://t…"	"9493"	"995"	"West London, England"	""	""
"http://twitter.com/1110025970516267011/status/1187171023885520897"	""	"0"	"Thu Oct 24 00:56:43 +0000 2019"	"0"	"0"	"1"	"https://t.co/Yd1Svrvcak"	""	""	"yeeehawwkarina"	"RT @awwwtommy: Worst movie franchise in history, went to trash after Paul died https://t.co/Yd1Svrvcak"	"820"	"216"	"reading a manga 🔞"	""	""
"http://twitter.com/408280566/status/1187166635708178432"	""	"0"	"Thu Oct 24 00:39:17 +0000 2019"	"0"	"0"	"0"	""	""	""	"syahirahafiqahx"	"Haih remember ysl at marrakech 🥺"	"1749"	"716"	"Kuala Lumpur Federal Territory"	""	""
"http://twitter.com/1168680770812174336/status/1187171047638011910"	""	"0"	"Thu Oct 24 00:56:48 +0000 2019"	"0"	"0"	"0"	""	""	""	"rernymaupdates"	"everyone’s gonna be bothering me about this when we’re in London oh my GOD"	"22"	"28"	"upstate doomed"	""	""
"http://twitter.com/1037569765/status/1187169183798308865"	""	"0"	"Thu Oct 24 00:49:24 +0000 2019"	"0"	"0"	"0"	""	""	""	"abbiecops"	"think i’ve found the london equivalent of live lounge"	"5551"	"1001"	"London, England"	""	""
"http://twitter.com/4800782131/status/1187171013517119489"	""	"0"	"Thu Oct 24 00:56:40 +0000 2019"	"0"	"0"	"1"	"https://t.co/vF1WkKqCH0"	""	""	"aqilahjelanii"	"RT @_itsssyafiq1: Malaysia's canteen and cafes need to sell variety of fruits. not just watermelon and pineapple https://t.co/vF1WkKqCH0"	"164"	"40"	"Kulim, Kedah"	""	""
"http://twitter.com/1044730887731138560/status/1187166594708975617"	""	"0"	"Thu Oct 24 00:39:07 +0000 2019"	"0"	"0"	"0"	""	""	""	"xLittleWarlock"	"RT @ethcrealfemale: ━━ ❛ What's the word for a perfectly reasonable fear of annoying idiots?❜                         ❰ sʜᴀᴅᴏᴡʜᴜɴᴛᴇʀ ❱  ➷；l…"	"174"	"177"	"Bʏ #Rᴀʙʙɪᴛ. ➷ ❪ #ʜᴇᴀᴅᴇᴍʏʀᴘ. ❫"	""	""
"http://twitter.com/777277319949975552/status/1187171025936502787"	""	"0"	"Thu Oct 24 00:56:43 +0000 2019"	"0"	"0"	"1"	"https://t.co/12tOrVeKsV"	""	""	"Sinbo__"	"RT @HaitianProhphet: That shit is gonna be so ass lmao https://t.co/12tOrVeKsV"	"187"	"182"	""	""	""
"http://twitter.com/84802652/status/1187166598991417346"	""	"0"	"Thu Oct 24 00:39:08 +0000 2019"	"0"	"0"	"1"	"https://t.co/sPRWnLI7Th"	""	""	"ekairoba"	"Noon    🌺  PMQM mumzworld  🌺  SS263 splash      🌺  SAHL Bella Pouch   🌺  BP108 كودً خصم في  نون مصر T - shirt with… https://t.co/sPRWnLI7Th"	"1"	"0"	""	""	""
"http://twitter.com/3402737002/status/1187166712774451200"	""	"0"	"Thu Oct 24 00:39:35 +0000 2019"	"0"	"0"	"2"	"https://t.co/eTle6xikUD"	"https://t.co/jCxPoDvYCy"	""	"goslin13"	"RT @TerryDugue: @DevinNunes Joseph Mifsud - London Academy of Diplomacy   https://t.co/eTle6xikUD https://t.co/jCxPoDvYCy"	"377"	"536"	""	""	""
"http://twitter.com/1073059332814766080/status/1187166671624118272"	""	"0"	"Thu Oct 24 00:39:25 +0000 2019"	"0"	"0"	"0"	""	""	""	"ElsenerLuk"	"RT @Creid85: 1. Tear down “US bank” arena. 2. Put a roof on PBS and remodel. 3. Bring back the Stingers (NHL) 4. Send the Bengals to London…"	"8"	"345"	""	""	""
"http://twitter.com/297499007/status/1187166597875687424"	""	"0"	"Thu Oct 24 00:39:08 +0000 2019"	"0"	"0"	"1"	"https://t.co/cc97ND29UB"	""	""	"Nawell_93"	"RT @jamesholyspirit: Paul Walker didn't die for this https://t.co/cc97ND29UB"	"1015"	"716"	"KAIÔSHÏNKAI"	""	""
"http://twitter.com/2902100239/status/1187166597498200064"	""	"0"	"Thu Oct 24 00:39:07 +0000 2019"	"0"	"0"	"0"	""	""	""	"godinoz1"	"RT @slackbastard: #auspol  Oh yeah -- youse can read the essay by @aurelmondon &amp; me on 'The Far Right in Australia' (The Oxford Handbook of…"	"154"	"26"	""	""	""
"http://twitter.com/788964492562403328/status/1187171015669047301"	""	"0"	"Thu Oct 24 00:56:41 +0000 2019"	"0"	"0"	"1"	"https://t.co/uwzpO6X8Ky"	""	""	"MarriedPiggy"	"RT @goddesskaylaxo: Making London my bitch 🇬🇧 https://t.co/uwzpO6X8Ky"	"2260"	"1082"	""	""	""
"http://twitter.com/88072872/status/1187166669203918848"	""	"0"	"Thu Oct 24 00:39:25 +0000 2019"	"0"	"0"	"0"	""	""	""	"JessHealyWalton"	"RT @alisoncroggon: Well this is the worst I’m sorry LGBQTI+ friends. As a cis straight woman I’m on the sidelines here but the only “gender…"	"7121"	"7651"	"Melbourne, Victoria"	""	""
"http://twitter.com/2186676959/status/1187166597154258944"	""	"0"	"Thu Oct 24 00:39:07 +0000 2019"	"0"	"0"	"0"	""	""	""	"nyag_"	"😳"	"3540"	"2322"	"Troy U . "	""	""
"http://twitter.com/598475759/status/1187166643304185856"	""	"0"	"Thu Oct 24 00:39:18 +0000 2019"	"0"	"0"	"0"	""	""	""	"Reiss_Baker94"	"RT @HogwartsFinest: JOB OPPORTUNITY!  Anyone interested in working with children and young teens. It's a PRU (pupil referal unit) school in…"	"753"	"574"	"London, England"	""	""
"http://twitter.com/1084433486096650241/status/1187169196741840896"	""	"0"	"Thu Oct 24 00:49:27 +0000 2019"	"0"	"0"	"1"	"https://t.co/aR8bUYJcG9"	""	""	"Pitstop899"	"#TodayonWTF: I see London, I see France, and I definitely see your underpants   https://t.co/aR8bUYJcG9"	"132"	"5"	"Magic 89.9 FM Station"	""	""
"http://twitter.com/492044686/status/1187170984282841088"	""	"0"	"Thu Oct 24 00:56:33 +0000 2019"	"0"	"0"	"1"	"https://t.co/vF1WkKqCH0"	""	""	"nurfarahfiah"	"RT @_itsssyafiq1: Malaysia's canteen and cafes need to sell variety of fruits. not just watermelon and pineapple https://t.co/vF1WkKqCH0"	"812"	"954"	""	""	""
"http://twitter.com/1058833930709651456/status/1187169234553409536"	""	"0"	"Thu Oct 24 00:49:36 +0000 2019"	"0"	"0"	"1"	"https://t.co/bEeOHKDVmK"	""	""	"MarilynMidas"	"💋 UPDATED TRAVEL SCHEDULE 💋  📍SF 11/1-3 📍Vegas 11/6-7 📍Dallas 11/8 📍Houston 11/9-10 📍ATL 11/14-16 📍Chicago 11/17-18… https://t.co/bEeOHKDVmK"	"10526"	"379"	"Bay Area, Ca "	""	""
"http://twitter.com/969233377/status/1187171079938174977"	""	"0"	"Thu Oct 24 00:56:56 +0000 2019"	"0"	"0"	"0"	""	""	""	"ChristineYR_Kim"	"RT @SoCalTaxProf: John Vella (@UniofOxford) presents Residual Profit Allocation by Income (with Michael Devereux (Oxford), Alan Auerbach (@…"	"132"	"274"	"New York, NY"	""	""
"http://twitter.com/846136031774691328/status/1187171078742953985"	""	"0"	"Thu Oct 24 00:56:56 +0000 2019"	"0"	"0"	"2"	"https://t.co/iS6v2r431M"	"https://t.co/AjJNYJJkFT"	""	"teenageyippie"	"RT @istockhistory: Cache of 450 Bronze Age Weapons, Bracelets, Tools Is London's Largest Yet https://t.co/iS6v2r431M https://t.co/AjJNYJJkFT"	"1855"	"4358"	"nowheresville usa"	""	""
"http://twitter.com/2422336719/status/1187166710308192256"	""	"0"	"Thu Oct 24 00:39:34 +0000 2019"	"0"	"0"	"0"	""	""	""	"paleburnedacid"	"RT @marcodias: My Red Brompton bike was stolen from our carpark in Ranelagh yesterday morning. Oxford Lane, Dublin 6, near the hill pub, if…"	"376"	"915"	"Ireland"	""	""
"http://twitter.com/963868944707792902/status/1187171034690142213"	""	"0"	"Thu Oct 24 00:56:45 +0000 2019"	"0"	"0"	"0"	""	""	""	"Nicolerufus1"	"RT @osakuade: Girls from London are a different breed fam 😂"	"42"	"52"	"Ireland"	""	""
"http://twitter.com/1015365194/status/1187171035189260290"	""	"0"	"Thu Oct 24 00:56:46 +0000 2019"	"0"	"0"	"0"	""	""	""	"irenenelson19"	"RT @JamesArthur23: I'll be live streaming some of my London show at @EventimApollo tonight from 8.40pm! Set a reminder and tune in: https:/…"	"44"	"32"	"North East, England"	""	""
"http://twitter.com/2563557965/status/1187166683447746560"	""	"0"	"Thu Oct 24 00:39:28 +0000 2019"	"0"	"0"	"1"	"https://t.co/vF1WkKqCH0"	""	""	"afiqahzainal7"	"RT @_itsssyafiq1: Malaysia's canteen and cafes need to sell variety of fruits. not just watermelon and pineapple https://t.co/vF1WkKqCH0"	"252"	"221"	"Malaysia"	""	""
"http://twitter.com/150522022/status/1187171020207247360"	""	"0"	"Thu Oct 24 00:56:42 +0000 2019"	"0"	"0"	"0"	""	""	""	"jamal2111"	"Who wants to bust a nutt at 2am. Freak twitter stand up. London"	"451"	"994"	"London, England"	""	""
"http://twitter.com/999464994034024450/status/1187169241180622851"	""	"0"	"Thu Oct 24 00:49:38 +0000 2019"	"0"	"0"	"1"	"https://t.co/NLQLxPIrP5"	""	""	"alexavalles6"	"RT @modernmodeIs: dior exhibition in london https://t.co/NLQLxPIrP5"	"137"	"142"	"El Paso, TX"	""	""
"http://twitter.com/177519695/status/1187171073869008896"	""	"0"	"Thu Oct 24 00:56:55 +0000 2019"	"0"	"0"	"1"	"https://t.co/5ORZomeo7B"	""	""	"Toey_125"	"RT @ChelseaFC: Another epic night in Amsterdam! 😍  Three points are coming back to London! #AJACHE https://t.co/5ORZomeo7B"	"674"	"358"	""	""	""
"http://twitter.com/3403285559/status/1187170993783087104"	""	"0"	"Thu Oct 24 00:56:36 +0000 2019"	"0"	"0"	"1"	"https://t.co/U3OReutJLd"	""	""	"djdotson966"	"RT @D0NNJ: This movie series was already in the gutter but y’all sending it to hell now https://t.co/U3OReutJLd"	"87"	"74"	""	""	""
"http://twitter.com/2867152475/status/1187169182535823361"	""	"0"	"Thu Oct 24 00:49:24 +0000 2019"	"0"	"0"	"0"	""	""	""	"bruna_275"	"RT @noahb1_: South London edition...  Yewande - La Retraite Amber - Elm Green Anna - Virgo Fidelis Molly - Ursuline Arabella - Streatham an…"	"93"	"277"	""	""	""
"http://twitter.com/453827963/status/1187171031250698243"	""	"0"	"Thu Oct 24 00:56:45 +0000 2019"	"0"	"0"	"1"	"https://t.co/sDg7p5HqT8"	""	""	"amaliashr"	"RT @thestylespics: Slightly different photo of Harry with fans last night in London, 10/22 via bbymaude. https://t.co/sDg7p5HqT8"	"818"	"297"	"Indonesia"	""	""
"http://twitter.com/69501940/status/1187171062829719552"	""	"0"	"Thu Oct 24 00:56:52 +0000 2019"	"0"	"0"	"1"	"https://t.co/7BUNV2hURu"	""	""	"AL6AFootball"	"6A Thursday game H Green at Hartselle Blount at Saraland Baldwin Co at BC Rain Gulf Sh at Spanish Ft Albertville at… https://t.co/7BUNV2hURu"	"10259"	"2294"	""	""	""
"http://twitter.com/970703370053935104/status/1187166614480928768"	""	"0"	"Thu Oct 24 00:39:12 +0000 2019"	"0"	"0"	"0"	""	""	""	"callmelyss1"	"I don’t know what the appropriate portmanteau for baby!Basilday is but I do know I need it"	"517"	"336"	"basilday hell"	""	""
"http://twitter.com/2540391196/status/1187166624043941889"	""	"0"	"Thu Oct 24 00:39:14 +0000 2019"	"0"	"0"	"1"	"https://t.co/eJBSWlHHGQ"	""	""	"harrydebut"	"And you notice how he basically has a problem with ANYONE? He got his fans to attack Zayn, attack and do death thre… https://t.co/eJBSWlHHGQ"	"4179"	"445"	"she/her"	""	""
"http://twitter.com/972675956216344576/status/1187166604972482561"	""	"0"	"Thu Oct 24 00:39:09 +0000 2019"	"0"	"0"	"0"	""	""	""	"jackschlichtma1"	"RT @VikeFans: One NFL team has never played in London - The Packers. They have avoided it at all costs.  Why the special treatment?  And th…"	"25"	"124"	"The North, MN"	""	""
"http://twitter.com/3657593055/status/1187171074242416641"	""	"0"	"Thu Oct 24 00:56:55 +0000 2019"	"0"	"0"	"0"	""	""	""	"JoannaArmstro18"	"RT @LadyMephista: Next year I‘m going to visit Zurich, London, Paris Antwerp and Tokyo.  If you want to meet me in one of these cities, get…"	"5414"	"1127"	"South West, England"	""	""
"http://twitter.com/92613363/status/1187169235400830977"	""	"0"	"Thu Oct 24 00:49:36 +0000 2019"	"0"	"0"	"0"	""	""	""	"LucyLovelace1"	"RT @ShaunBaileyUK: Very moved by the bravery of one of our @metpoliceuk officers.   Despite being stabbed twice, she still managed to stop…"	"3940"	"3835"	"London"	""	""
"http://twitter.com/710749656209334272/status/1187171083071508480"	""	"0"	"Thu Oct 24 00:56:57 +0000 2019"	"0"	"0"	"0"	""	""	""	"amcaldwell21"	"RT @PhantomPower14: After quitting leadership for more family time, Ruth Davidson takes up 50K-for-3 weeks-a-year gig with London PR firm t…"	"182"	"1164"	"Scotland"	""	""
"http://twitter.com/3319720975/status/1187169181160169472"	""	"0"	"Thu Oct 24 00:49:23 +0000 2019"	"0"	"0"	"2"	"https://t.co/VX1w1ZnFAb"	"https://t.co/ZrAqTEcsBJ"	""	"theautomatski"	"https://t.co/VX1w1ZnFAb #pittsburgh #southaustralia #BitCoin #iconomi #AVCJsingapore #tucson #southafrica #utrust… https://t.co/ZrAqTEcsBJ"	"11502"	"82"	"California, USA"	""	""
"http://twitter.com/1225252068/status/1187171007141793792"	""	"0"	"Thu Oct 24 00:56:39 +0000 2019"	"0"	"0"	"1"	"https://t.co/vF1WkKqCH0"	""	""	"afiniefinie"	"RT @_itsssyafiq1: Malaysia's canteen and cafes need to sell variety of fruits. not just watermelon and pineapple https://t.co/vF1WkKqCH0"	"1280"	"887"	"Singapore"	""	""
"http://twitter.com/985107559/status/1187169187593998336"	""	"0"	"Thu Oct 24 00:49:25 +0000 2019"	"0"	"0"	"0"	""	""	""	"lindac2013"	"RT @sarahvetwales: This is a game-changer: new research by  Oxford University, shows categorically that methane from Britain's ruminants is…"	"58"	"114"	""	""	""
"http://twitter.com/3711526276/status/1187166692960604160"	""	"0"	"Thu Oct 24 00:39:30 +0000 2019"	"0"	"0"	"1"	"https://t.co/5ORZomeo7B"	""	""	"durant__jr_"	"RT @ChelseaFC: Another epic night in Amsterdam! 😍  Three points are coming back to London! #AJACHE https://t.co/5ORZomeo7B"	"577"	"529"	"Stamford Bridge"	""	""
"http://twitter.com/19089967/status/1187169177670475776"	""	"0"	"Thu Oct 24 00:49:23 +0000 2019"	"0"	"0"	"0"	""	""	""	"LeeBruhGreene"	"That album has some GEMS."	"4370"	"1008"	"DMVirginia."	""	""
"http://twitter.com/1734639450/status/1187166652472930304"	""	"0"	"Thu Oct 24 00:39:21 +0000 2019"	"0"	"0"	"1"	"https://t.co/BzHUqlA7FQ"	""	""	"moremvlik"	"London Pound Cake https://t.co/BzHUqlA7FQ via @TheRealJayMills"	"141"	"83"	"Maryland, USA"	""	""
"http://twitter.com/2832429348/status/1187171066826887168"	""	"0"	"Thu Oct 24 00:56:53 +0000 2019"	"0"	"0"	"0"	""	""	""	"natavelii"	"😂"	"1781"	"765"	""	""	""
"http://twitter.com/1090111904910061568/status/1187166621833539591"	""	"0"	"Thu Oct 24 00:39:13 +0000 2019"	"0"	"0"	"0"	""	""	""	"DandreJMcIntyre"	"If you're in London and you have tickets to see @AriLennox PUHHHHLEEEESE DM me lol"	"162"	"367"	""	""	""
"http://twitter.com/999558834/status/1187170997436370944"	""	"0"	"Thu Oct 24 00:56:37 +0000 2019"	"0"	"0"	"0"	""	""	""	"gshoose"	"RT @theorphanmoon68: You make a giant assumption here, I voted leave yet haven't a racist bone in my body. The majority of leave voters don…"	"66"	"35"	"Wishaw, Scotland"	""	""
"http://twitter.com/1329132350/status/1187166714527531008"	""	"0"	"Thu Oct 24 00:39:35 +0000 2019"	"0"	"0"	"1"	"https://t.co/5ORZomeo7B"	""	""	"donewifppl"	"RT @ChelseaFC: Another epic night in Amsterdam! 😍  Three points are coming back to London! #AJACHE https://t.co/5ORZomeo7B"	"264"	"180"	"+62"	""	""
"http://twitter.com/2830623808/status/1187170991346245632"	""	"0"	"Thu Oct 24 00:56:35 +0000 2019"	"0"	"0"	"0"	""	""	""	"glammedupabi"	"This was honestly a dream. It was amazing."	"631"	"948"	"West Side, St. Croix"	""	""
"http://twitter.com/1114080047680221184/status/1187169170112139264"	""	"0"	"Thu Oct 24 00:49:21 +0000 2019"	"0"	"0"	"0"	""	""	""	"AshokKu35870762"	"RT @OnePlus_IN: For those who can’t be home this Diwali, we’re bringing home closer to you.  You can experience Diwali through the Snapchat…"	"407"	"492"	""	""	""
"http://twitter.com/351917099/status/1187171022396628992"	""	"0"	"Thu Oct 24 00:56:42 +0000 2019"	"0"	"0"	"0"	""	""	""	"Craigy33"	"RT @DavidEdwardsRFC: Broke down at Abington, anyone know best way to London from here?"	"796"	"2527"	"Glasgow"	""	""
"http://twitter.com/785213669613400064/status/1187166699184885761"	""	"0"	"Thu Oct 24 00:39:32 +0000 2019"	"0"	"0"	"0"	""	""	""	"kianwardgk"	"One of life’s most memorable moments seeing the @BrooklynNets last season. WHAT A TEAM #WeGoHard @ London 🇬🇧"	"828"	"5001"	"Dartford"	""	""
"http://twitter.com/165025402/status/1187169232599109633"	""	"0"	"Thu Oct 24 00:49:36 +0000 2019"	"0"	"0"	"0"	""	""	""	"WeeNeiller"	"RT @AdamBienkov: The first thing Boris Johnson did when he became mayor of London was cancel regular press conferences and his first big mo…"	"1875"	"4856"	"Belfast"	""	""
"http://twitter.com/1084434266996592641/status/1187169159198760960"	""	"0"	"Thu Oct 24 00:49:18 +0000 2019"	"0"	"0"	"1"	"https://t.co/XNlw1pgp5M"	""	""	"alizaabi89"	"RT @naomyts: Today I’m very hard 🇧🇷🍆🇬🇧 IN London. Fock.  👅 https://t.co/XNlw1pgp5M"	"193"	"907"	"Abu Dhabi"	""	""
"http://twitter.com/1186656231798132736/status/1187171027031248897"	""	"0"	"Thu Oct 24 00:56:44 +0000 2019"	"0"	"0"	"0"	""	""	""	"sima26312839"	"RT @RajGhatak: London you beauty 😍 Taken yesterday near #towerbridge #walkiescorchie #bytheriver #riverthames #history #london #londinium #…"	"1"	"100"	""	""	""
"http://twitter.com/1901393682/status/1187169206086914049"	""	"0"	"Thu Oct 24 00:49:29 +0000 2019"	"0"	"0"	"1"	"https://t.co/Rij09372a1"	""	""	"Lucy_Skoulding"	"RT @hannahkanee_: Behold the most pure story you will see today 💛 https://t.co/Rij09372a1"	"674"	"1400"	"London, England"	""	""
"http://twitter.com/1133049422122803202/status/1187171085978079233"	""	"0"	"Thu Oct 24 00:56:58 +0000 2019"	"0"	"0"	"1"	"https://t.co/K4uhAX7yxY"	""	""	"BanksGriffith2"	"RT @AL6AFootball: Here is our https://t.co/K4uhAX7yxY 6A Top 10 football poll just released for upcoming games being played October 24-26 (…"	"72"	"177"	"Mobile, AL"	""	""
"http://twitter.com/897109373553692673/status/1187171021704650752"	""	"0"	"Thu Oct 24 00:56:42 +0000 2019"	"0"	"0"	"1"	"https://t.co/cc97ND29UB"	""	""	"O_Godas"	"RT @jamesholyspirit: Paul Walker didn't die for this https://t.co/cc97ND29UB"	"35"	"49"	""	""	""
"http://twitter.com/541206607/status/1187169176521236480"	""	"0"	"Thu Oct 24 00:49:22 +0000 2019"	"0"	"0"	"1"	"https://t.co/NLQLxPIrP5"	""	""	"_dndrea"	"RT @modernmodeIs: dior exhibition in london https://t.co/NLQLxPIrP5"	"277"	"338"	"Chicago, IL"	""	""
"http://twitter.com/1148645110307020803/status/1187166669686366208"	""	"0"	"Thu Oct 24 00:39:25 +0000 2019"	"0"	"0"	"1"	"https://t.co/q9mLV9G0jH"	""	""	"autismbot2"	"RT @sandysellshfl: Boy with autism the youngest to attend Oxford University at age 6 https://t.co/q9mLV9G0jH"	"228"	"181"	"Mars"	""	""
"http://twitter.com/1177580211585650688/status/1187166699373641735"	""	"0"	"Thu Oct 24 00:39:32 +0000 2019"	"0"	"0"	"1"	"https://t.co/yI9n3NUa9b"	""	""	"Svtuponline"	"the club is lit up and the music is out of this world, check djleroy out on here!!! #svtup #Rt… https://t.co/yI9n3NUa9b"	"9"	"54"	"England, United Kingdom"	""	""
"http://twitter.com/2308561766/status/1187169189368336384"	""	"0"	"Thu Oct 24 00:49:25 +0000 2019"	"0"	"0"	"1"	"https://t.co/r0q0aLH9xE"	""	""	"feoudolanxharry"	"RT @thestylespics: Harry with fans in London last night 10/22, via bbymaude. https://t.co/r0q0aLH9xE"	"2055"	"1606"	"🕊️❤️⚡🦋🎸🎹🌹✌️💜💙"	""	""
"http://twitter.com/70901647/status/1187166668419547136"	""	"0"	"Thu Oct 24 00:39:24 +0000 2019"	"0"	"0"	"1"	"https://t.co/Lfu4fjkKIk"	""	""	"kaoshitam"	"RT @nowthisnews: 39 bodies were found inside this truck at an industrial park outside of London https://t.co/Lfu4fjkKIk"	"703"	"638"	"Deneb Algedi"	""	""
"http://twitter.com/1069639053996449796/status/1187166620252344320"	""	"0"	"Thu Oct 24 00:39:13 +0000 2019"	"0"	"0"	"1"	"https://t.co/1KnmzVuxRC"	""	""	"lauren45629969"	"@Dw_day6_drummer I’m so proud of you and how far you’ve come as a singer and a drummer and I know you’ll continue t… https://t.co/1KnmzVuxRC"	"355"	"1436"	"London, England"	""	""
"http://twitter.com/1178799846452584449/status/1187166643098673152"	""	"0"	"Thu Oct 24 00:39:18 +0000 2019"	"0"	"0"	"0"	""	""	""	"Blessed29596553"	"RT @wennzkii: Akala ko hanggang dvd na lang ako makakapanood ng  #IsaPangWeekWithFeelings. Buti na lang may nkuha pa kmi ticket sa vue cine…"	"4"	"102"	"Kingdom of Saudi Arabia"	""	""
"http://twitter.com/352638234/status/1187166683942834177"	""	"0"	"Thu Oct 24 00:39:28 +0000 2019"	"0"	"0"	"0"	""	""	""	"Yasinekeen"	"Hay sizin derdinizi İzmirliler yormayın birader biz Angara simidi diye diretiyor muyuz???"	"115"	"76"	"Ankara-Antalya"	""	""
"http://twitter.com/311012565/status/1187166713151926272"	""	"0"	"Thu Oct 24 00:39:35 +0000 2019"	"0"	"0"	"0"	""	""	""	"HausUrban"	"TBH the homosexuals saying this were probably still sitting on the circle rug when “London Bridges” (which did slap) came out."	"14412"	"2328"	"The Soup Kitchen in Calabasas"	""	""
"http://twitter.com/4831663685/status/1187166676560646144"	""	"0"	"Thu Oct 24 00:39:26 +0000 2019"	"0"	"0"	"0"	""	""	""	"vanishaoutloud"	"RT @sheldonbailey: .@OxfordHouseAB is an excellent choice for people desiring a life free of substance use.  #Addiction #Mentalhealth  #REC…"	"192"	"497"	"Calgary, Alberta"	""	""
"http://twitter.com/125637923/status/1187169227322478592"	""	"0"	"Thu Oct 24 00:49:34 +0000 2019"	"0"	"0"	"0"	""	""	""	"mepaay"	"RT @HaileeSteinfeld: LONDON! Come see me at Apple Regent Street today (10/22) at 6:30pm for an exclusive preview and conversation on “Dicki…"	"323"	"192"	"Thailand"	""	""
"http://twitter.com/1129826834118578177/status/1187166697343639552"	""	"0"	"Thu Oct 24 00:39:31 +0000 2019"	"0"	"0"	"1"	"https://t.co/8MnmdUmFUk"	""	""	"TakuraTheLion"	"@ThatAssholeLion Also there are a lot of Brits who are Trump supporters, especially those living in London and have… https://t.co/8MnmdUmFUk"	"0"	"12"	""	""	""
"http://twitter.com/21421032/status/1187170987705618434"	""	"0"	"Thu Oct 24 00:56:34 +0000 2019"	"0"	"0"	"1"	"https://t.co/nXxH3NVuKy"	""	""	"iancundell"	"@lewis_goodall Perhaps if journalism (generally, not you personally) spent less time commentating on Brexit like it… https://t.co/nXxH3NVuKy"	"633"	"1226"	"Olney"	""	""
"http://twitter.com/174940779/status/1187171078898012160"	""	"0"	"Thu Oct 24 00:56:56 +0000 2019"	"0"	"0"	"0"	""	""	""	"Joined_4_gene"	"RT @jamesbenge: Unai Emery reveals Arsenal wanted to sign Fabinho in the summer they bought Lucas Torreira.  He also used the Liverpool mid…"	"154"	"1193"	"Velacheri, Chennai"	""	""
"http://twitter.com/2570891034/status/1187166670198104064"	""	"0"	"Thu Oct 24 00:39:25 +0000 2019"	"0"	"0"	"0"	""	""	""	"DHCAndrew"	"RT @UKinKZ: 📌The 3rd Kazakh-British Business Council (KBBC) is taking place in #London today. This year it is co-chaired by Baroness Nichol…"	"1382"	"46"	"Kazakhstan"	""	""
"http://twitter.com/921792486514876416/status/1187169187233517568"	""	"0"	"Thu Oct 24 00:49:25 +0000 2019"	"0"	"0"	"0"	""	""	""	"madisonnnjacob"	"look at him GLOWING and BEAUTIFUL"	"382"	"426"	"Denison, TX"	""	""
"http://twitter.com/961204302575558656/status/1187166695208706048"	""	"0"	"Thu Oct 24 00:39:31 +0000 2019"	"0"	"0"	"0"	""	""	""	"anabenge1"	"RT @LillzTrackLife: Non-South Londoners don't understand how hard it is to leave South. It's the only section of London that makes sense."	"52"	"258"	"Lisbon, Portugal"	""	""
"http://twitter.com/2478669578/status/1187166610467016705"	""	"0"	"Thu Oct 24 00:39:11 +0000 2019"	"0"	"0"	"0"	""	""	""	"BelleEpoqueC"	"RT @LornajaneCosign: Christmas Carols 28 Favourite Carols for everyone To Sing and Play Oxford Press #ChristmasCarols #ChristmasSongs #Sing…"	"6049"	"1539"	"USA"	""	""
"http://twitter.com/2661038208/status/1187171080961773568"	""	"0"	"Thu Oct 24 00:56:56 +0000 2019"	"0"	"0"	"0"	""	""	""	"CincinnatiSage"	"@Enquirer Silly Enquirer, the Rams are in London this week."	"146"	"273"	"I'm in the Land of Illusion"	""	""
"http://twitter.com/1178677474764447744/status/1187169167998377985"	""	"0"	"Thu Oct 24 00:49:20 +0000 2019"	"0"	"0"	"0"	""	""	""	"TapityB"	"RT @SomersetBean: Just when you thought UK/US manipulation of the legal process in Assange's case couldn't get any worse:  Unprecedented ac…"	"314"	"841"	""	""	""
"http://twitter.com/1157719707572670464/status/1187166647846608897"	""	"0"	"Thu Oct 24 00:39:19 +0000 2019"	"0"	"0"	"0"	""	""	""	"moonlightamyy"	"RT @fakesmileshells: no one: absolutely no one: my entire tl: there deff was something in that london air"	"107"	"248"	"Honeymoon avenue"	""	""
"http://twitter.com/3225076887/status/1187171016205840384"	""	"0"	"Thu Oct 24 00:56:41 +0000 2019"	"0"	"0"	"0"	""	""	""	"noahb1_"	"**south west London edition 🙄"	"306"	"178"	"My phone"	""	""
"http://twitter.com/851273858988490752/status/1187171053296070656"	""	"0"	"Thu Oct 24 00:56:50 +0000 2019"	"0"	"0"	"0"	""	""	""	"FtblSeb"	"@SxrgioSzn London is a city"	"665"	"884"	"Your head"	""	""
"http://twitter.com/878362268/status/1187171065417498625"	""	"0"	"Thu Oct 24 00:56:53 +0000 2019"	"0"	"0"	"0"	""	""	""	"_michi_gm"	"RT @Bx_Chulaa: Screamingggggg!!😍😍  I loveeeee me some Cardi but she don’t even drive so that already tells you a lot on what her role more…"	"797"	"649"	"madras oregon"	""	""
"http://twitter.com/148241803/status/1187166614287872000"	""	"0"	"Thu Oct 24 00:39:11 +0000 2019"	"0"	"0"	"0"	""	""	""	"dp_satish"	"RT @lkatheeq: Proud of @pavithrays for having held Karnataka’s flag high by making Vindhya, a Bengaluru based company that employs people w…"	"16543"	"1521"	"New Delhi"	""	""
"http://twitter.com/1157639136393621505/status/1187166618628919296"	""	"0"	"Thu Oct 24 00:39:13 +0000 2019"	"0"	"0"	"1"	"https://t.co/vF1WkKqCH0"	""	""	"nransahh"	"RT @_itsssyafiq1: Malaysia's canteen and cafes need to sell variety of fruits. not just watermelon and pineapple https://t.co/vF1WkKqCH0"	"88"	"258"	""	""	""
"http://twitter.com/715924152759164933/status/1187170994286297088"	""	"0"	"Thu Oct 24 00:56:36 +0000 2019"	"0"	"0"	"1"	"https://t.co/vF1WkKqCH0"	""	""	"audrenelra"	"RT @_itsssyafiq1: Malaysia's canteen and cafes need to sell variety of fruits. not just watermelon and pineapple https://t.co/vF1WkKqCH0"	"50"	"67"	"Kuala LOCO"	""	""
"http://twitter.com/1211966947/status/1187169173610192896"	""	"0"	"Thu Oct 24 00:49:22 +0000 2019"	"0"	"0"	"1"	"https://t.co/vF1WkKqCH0"	""	""	"jovinaaaaaaaaaa"	"RT @_itsssyafiq1: Malaysia's canteen and cafes need to sell variety of fruits. not just watermelon and pineapple https://t.co/vF1WkKqCH0"	"444"	"397"	"Malaysia 🇲🇾"	""	""
"http://twitter.com/1162561703713923072/status/1187166677307478016"	""	"0"	"Thu Oct 24 00:39:27 +0000 2019"	"0"	"0"	"0"	""	""	""	"sneed_malcolm"	"RT @NBCNews: British police have launched a murder investigation after the bodies of 39 people were found in a truck container outside Lond…"	"226"	"673"	""	""	""
